/*Nivel académico*/
INSERT INTO nominapp.NivelAcademico ( codNivelAcademico, descripcion ) values ('EDB', 'Educación básica');
INSERT INTO nominapp.NivelAcademico ( codNivelAcademico, descripcion ) values ('BCH', 'Bachiller');
INSERT INTO nominapp.NivelAcademico ( codNivelAcademico, descripcion ) values ('TCS', 'Técnico superior');
INSERT INTO nominapp.NivelAcademico ( codNivelAcademico, descripcion ) values ('PRE', 'Pregrado');
INSERT INTO nominapp.NivelAcademico ( codNivelAcademico, descripcion ) values ('POS', 'Maestría');
INSERT INTO nominapp.NivelAcademico ( codNivelAcademico, descripcion ) values ('DOC', 'Doctorado');
INSERT INTO nominapp.NivelAcademico ( codNivelAcademico, descripcion ) values ('ESP', 'Especialista');

/*Banco*/
INSERT INTO nominapp.Banco ( codInstBanca, descripcion ) values ('BDV', 'Banco de Venezuela');
INSERT INTO nominapp.Banco ( codInstBanca, descripcion ) values ('BDT', 'Banco del Tesoro');
INSERT INTO nominapp.Banco ( codInstBanca, descripcion ) values ('BBC', 'Banco Bicentenario');
INSERT INTO nominapp.Banco ( codInstBanca, descripcion ) values ('BMC', 'Banco Mercantil');
INSERT INTO nominapp.Banco ( codInstBanca, descripcion ) values ('BAN', 'Banesco');

/*Cargo*/
INSERT INTO nominapp.cargo (codcargo, descripcion) VALUES ('001', 'OBRERO DE LA DIRECCION DE RESERVORIO Y PRODUCCION INTEGRAL DE PLANTAS');
INSERT INTO nominapp.cargo (codcargo, descripcion) VALUES ('002', 'DIRECTOR ESTADAL DE DISTRITO CAPITAL');
INSERT INTO nominapp.cargo (codcargo, descripcion) VALUES ('003', 'DIRECTOR ESTADAL DE SUCRE');
INSERT INTO nominapp.cargo (codcargo, descripcion) VALUES ('004', 'DIRECTOR ESTADAL DEL TACHIRA');
INSERT INTO nominapp.cargo (codcargo, descripcion) VALUES ('005', 'DIRECTOR ESTADAL TRUJILLO');
INSERT INTO nominapp.cargo (codcargo, descripcion) VALUES ('006', 'DIRECTOR ESTADAL APURE');
INSERT INTO nominapp.cargo (codcargo, descripcion) VALUES ('007', 'DIRECTOR ESTADAL DE PORTUGUESA');
INSERT INTO nominapp.cargo (codcargo, descripcion) VALUES ('008', 'DIRECTOR ESTADAL DEL ZULIA');
INSERT INTO nominapp.cargo (codcargo, descripcion) VALUES ('009', 'DIRECTOR ESTADAL DE ARAUA');
INSERT INTO nominapp.cargo (codcargo, descripcion) VALUES ('010', 'DIRECTOR ESTADAL DEL YARACUY');
INSERT INTO nominapp.cargo (codcargo, descripcion) VALUES ('011', 'DIRECTOR ESTADAL MERIDA');
INSERT INTO nominapp.cargo (codcargo, descripcion) VALUES ('012', 'DIRECTOR ESTADAL NUEVA ESPARTA');
INSERT INTO nominapp.cargo (codcargo, descripcion) VALUES ('013', 'DIRECTOR ESTADAL DELTA AMACURO');
INSERT INTO nominapp.cargo (codcargo, descripcion) VALUES ('014', 'DIRECTOR ESTADAL DELA GUAIRA');
INSERT INTO nominapp.cargo (codcargo, descripcion) VALUES ('015', 'DIRECTOR ESTADAL AMAZONAS');
INSERT INTO nominapp.cargo (codcargo, descripcion) VALUES ('016', 'DIRECTOR ESTADAL COJEDES');
INSERT INTO nominapp.cargo (codcargo, descripcion) VALUES ('017', 'DIRECTORA ESTADAL ANZOATEGUI');
INSERT INTO nominapp.cargo (codcargo, descripcion) VALUES ('018', 'OBRERODE LA  DIRECCIÓN DE ORGANIZACIÓN Y FORTALECIMIENTO DEL PODER POPULAR');
INSERT INTO nominapp.cargo (codcargo, descripcion) VALUES ('019', 'COORDINADOR  DE PLANTACIÓN Y PRESERVACIÓN DE PLANTAS');
INSERT INTO nominapp.cargo (codcargo, descripcion) VALUES ('020', 'OBRERA DE LA DIRECCIÓN DE FORMACION Y CAPACITACION');
INSERT INTO nominapp.cargo (codcargo, descripcion) VALUES ('021', 'OBRERO DE LA DIRECCION  DE RESERVORIO Y PRODUCCION INTEGRAL DE PLANTAS');
INSERT INTO nominapp.cargo (codcargo, descripcion) VALUES ('022', 'OBRERO DE LA COORDINACION DE RESERVORIO Y PRODUCCION INTEGRAL DE PLANAS');
INSERT INTO nominapp.cargo (codcargo, descripcion) VALUES ('023', 'OBRERO DE LA DIRECCIÓN DE RESERVORIO Y PRODUCCION INTEGRAL DE PLANTAS');
INSERT INTO nominapp.cargo (codcargo, descripcion) VALUES ('024', 'PRESIDENTE');
INSERT INTO nominapp.cargo (codcargo, descripcion) VALUES ('025', 'COORDINADOR DE PLANIFICACIÓN');
INSERT INTO nominapp.cargo (codcargo, descripcion) VALUES ('026', 'CONSULTORA');
INSERT INTO nominapp.cargo (codcargo, descripcion) VALUES ('027', 'COORDINADOR');
INSERT INTO nominapp.cargo (codcargo, descripcion) VALUES ('028', 'COORDINADOR DEL VIVERO DE SANTA ROSA');
INSERT INTO nominapp.cargo (codcargo, descripcion) VALUES ('029', 'COORDINADOR DE PRODUCCION');
INSERT INTO nominapp.cargo (codcargo, descripcion) VALUES ('030', 'COORDINADOR DE FORMACION Y CAPACITACION DE ESPECIES VEGETALES');
INSERT INTO nominapp.cargo (codcargo, descripcion) VALUES ('031', 'COORDINADOR de INVESTIGACION E INNOVACION');
INSERT INTO nominapp.cargo (codcargo, descripcion) VALUES ('032', 'DIRECTOR');
INSERT INTO nominapp.cargo (codcargo, descripcion) VALUES ('033', 'COORDINADORA');
INSERT INTO nominapp.cargo (codcargo, descripcion) VALUES ('034', 'COORDINADOR DE BIENES NACIONALES Y SERVICIOS GENERALES');
INSERT INTO nominapp.cargo (codcargo, descripcion) VALUES ('035', 'COORDINADOR DE  INFRAESTRUCTURA TECNOLÓGICA Y SOPORTE TÉCNICO(E)');
INSERT INTO nominapp.cargo (codcargo, descripcion) VALUES ('036', 'COORDINADOR DE DIVULGACION');
INSERT INTO nominapp.cargo (codcargo, descripcion) VALUES ('037', 'COORDINADOR DE ATENCION A ORGANIZACIONES Y MOVIMIENTOS ECOLOGICOS AMBIENTALES');
INSERT INTO nominapp.cargo (codcargo, descripcion) VALUES ('038', 'COORDINADORA DE PRENSA');
INSERT INTO nominapp.cargo (codcargo, descripcion) VALUES ('039', 'COORDINADOR');
INSERT INTO nominapp.cargo (codcargo, descripcion) VALUES ('040', 'COORDINADOR DE DIVISIÓN DE PLANTACIÓN Y CONSERVACIÓN DE ESPECIES VEGETALES');
INSERT INTO nominapp.cargo (codcargo, descripcion) VALUES ('041', 'COORDINADOR DE LA GERENCIA DE PLANTACIÓN Y CONSERVACIÓN DE ESPECIES');
INSERT INTO nominapp.cargo (codcargo, descripcion) VALUES ('042', 'COORDINADOR DE LA GERENCIA DE FORMACIÓN, CAPACITACIÓN E INVESTIGACIÓN');
INSERT INTO nominapp.cargo (codcargo, descripcion) VALUES ('043', 'COORDINADOR DE FORMACIÓN CAPACITACION E INVESTIGACIÓN');
INSERT INTO nominapp.cargo (codcargo, descripcion) VALUES ('044', 'COORDINADORA DE COMPRAS DE GESTION ADMINISTRATIVA');
INSERT INTO nominapp.cargo (codcargo, descripcion) VALUES ('045', 'DIRECTORA DE FORMACION Y CAPACITACION');
INSERT INTO nominapp.cargo (codcargo, descripcion) VALUES ('046', 'COORDINADOR  DE RESERVORIO Y PRODUCCION INTEGRAL DE PLANTAS');
INSERT INTO nominapp.cargo (codcargo, descripcion) VALUES ('047', 'COORDINADORA DE PLANTACION Y CONSERVACION DE ESPECIES VEGETALES');
INSERT INTO nominapp.cargo (codcargo, descripcion) VALUES ('048', 'ANALISTA DE PLANTACION CONSERVACION DE ESPECIES VEGETALES');
INSERT INTO nominapp.cargo (codcargo, descripcion) VALUES ('049', 'COORDINADOR DE PLANTACIONES');
INSERT INTO nominapp.cargo (codcargo, descripcion) VALUES ('050', 'ADJUNTO');
INSERT INTO nominapp.cargo (codcargo, descripcion) VALUES ('051', 'DIRECTOR DE TECNOLOGIAS DE LA INFORMACION Y COMUNICACION');
INSERT INTO nominapp.cargo (codcargo, descripcion) VALUES ('052', 'COORDINADORA DE PRESUPUESTO ( E )');
INSERT INTO nominapp.cargo (codcargo, descripcion) VALUES ('053', 'COORDINADORA DE FORMACION Y CAPACITACION');
INSERT INTO nominapp.cargo (codcargo, descripcion) VALUES ('054', 'COORDINADOR DE PLANTACION Y CONSERVACION DE ESPECIES VEGETALES');
INSERT INTO nominapp.cargo (codcargo, descripcion) VALUES ('055', 'COORDINADORA DE ORGANIZACIÓN');
INSERT INTO nominapp.cargo (codcargo, descripcion) VALUES ('056', 'COORDINADORA DE LA PRENSA DE LA DIRECCION DE GESTION COMUNICACIONAL');
INSERT INTO nominapp.cargo (codcargo, descripcion) VALUES ('057', 'OBRERO');
INSERT INTO nominapp.cargo (codcargo, descripcion) VALUES ('058', 'ANALISTA');
INSERT INTO nominapp.cargo (codcargo, descripcion) VALUES ('059', 'COORDINADOR DE FORMACIÓN');
INSERT INTO nominapp.cargo (codcargo, descripcion) VALUES ('060', 'COORDINADORA DE CONTRATADOS Y CONVENIOS ( E)');
INSERT INTO nominapp.cargo (codcargo, descripcion) VALUES ('061', 'OBRERO ');
INSERT INTO nominapp.cargo (codcargo, descripcion) VALUES ('062', 'CHOFER');
INSERT INTO nominapp.cargo (codcargo, descripcion) VALUES ('063', 'ANALISTA EN LA COORDINACION NACIONAL DE EMPODERAMIENTO DEL PODER POPULAR');
INSERT INTO nominapp.cargo (codcargo, descripcion) VALUES ('064', 'COORDINADORA DE PROTOCOLO Y EVENTO');
INSERT INTO nominapp.cargo (codcargo, descripcion) VALUES ('065', 'COORDINADORA DE PRODUCCIÓN ');
INSERT INTO nominapp.cargo (codcargo, descripcion) VALUES ('066', 'ADJUNTA');
INSERT INTO nominapp.cargo (codcargo, descripcion) VALUES ('067', 'ANALISTA DE ORGANIZACION Y EMPODERAMIENTO DEL PODER POPULAR');
INSERT INTO nominapp.cargo (codcargo, descripcion) VALUES ('068', 'ANALISTA DE LA COORDINACION DE FORMACION Y CAPACITACION ');
INSERT INTO nominapp.cargo (codcargo, descripcion) VALUES ('069', 'ASISTENTE ADMINISTRATIVO');
INSERT INTO nominapp.cargo (codcargo, descripcion) VALUES ('070', 'COORDINADORA DE GESTION TERRITORIAL');
INSERT INTO nominapp.cargo (codcargo, descripcion) VALUES ('071', 'OBRERO VIVERO SANTA ROSA');
INSERT INTO nominapp.cargo (codcargo, descripcion) VALUES ('072', 'COORDINADOR DE RESERVORIO Y PRODUCCIÓN INTEGRAL DE PLANTAS €');
INSERT INTO nominapp.cargo (codcargo, descripcion) VALUES ('073', 'COORDINADOR DE PLANTACIÓN ');
INSERT INTO nominapp.cargo (codcargo, descripcion) VALUES ('074', 'COORDINADOR DE PRODUCCION INTEGRAL DE LAS PLANTAS ');
INSERT INTO nominapp.cargo (codcargo, descripcion) VALUES ('075', 'COORDINADOR DE PLANTACION');
INSERT INTO nominapp.cargo (codcargo, descripcion) VALUES ('076', 'OBRERO DE LA COORDINACION DE RESERVORIO Y PRODUCCION INTEGRAL DE PLANTAS');
INSERT INTO nominapp.cargo (codcargo, descripcion) VALUES ('077', 'COORDINADOR DE PRODUCCIÓN AL CIUDADANO');
INSERT INTO nominapp.cargo (codcargo, descripcion) VALUES ('078', 'OBRERO DE RESERVORIO Y PRODUCCION INTEGRAL DE PLANTAS');
INSERT INTO nominapp.cargo (codcargo, descripcion) VALUES ('079', 'OBRERO DE PLANTACION Y CONSERVACION DE ESPECIES VEGETALES');
INSERT INTO nominapp.cargo (codcargo, descripcion) VALUES ('080', 'OBRERA EN LA COORDINACION DE RESERVORIO Y PRODUCCION INTEGRAL DE PLANTAS');
INSERT INTO nominapp.cargo (codcargo, descripcion) VALUES ('081', 'OBRERO DE LA DIRECCION DE PLANTACION Y CONSERVACION DE ESPECIES VEGETALES');
INSERT INTO nominapp.cargo (codcargo, descripcion) VALUES ('082', 'OBRERO DE LA DIRECCION NACIONAL DE ORGANIZACION Y EMPORADERAMIENTO DEL PODER POPULAR');
INSERT INTO nominapp.cargo (codcargo, descripcion) VALUES ('083', 'OBRERA DE LA DIRECCION DE RESERVORIO Y PRODUCCION INTEGRAL DE PLANTAS');
INSERT INTO nominapp.cargo (codcargo, descripcion) VALUES ('084', 'OBRERO DE LA COORDINACION DE PLANTACION CAPACITACION Y ESPECIES VEGETALES');
INSERT INTO nominapp.cargo (codcargo, descripcion) VALUES ('085', 'OBRERO DE LA DIRECCIÓN DE PLANTACIÓN CAPACITACIÓN Y ESPECIES VEGETALES');
INSERT INTO nominapp.cargo (codcargo, descripcion) VALUES ('086', 'OBRERO DE LA DIRECCION DE PLANTACION CAPACITACION Y ESPECIES VEGETALES');
INSERT INTO nominapp.cargo (codcargo, descripcion) VALUES ('087', 'OBRERO DE CUADRILLA DE LA DIRECCIÓN DE PLANTACIÓN CAPACITACIÓN Y ESPECIES VEGETALES');
INSERT INTO nominapp.cargo (codcargo, descripcion) VALUES ('088', 'COORDINADOR DE DIRECCIÓN INTERNA');
INSERT INTO nominapp.cargo (codcargo, descripcion) VALUES ('089', 'COORDINADORA DE NOMINA ( E)');
INSERT INTO nominapp.cargo (codcargo, descripcion) VALUES ('090', 'COORDINADOR DE CONTROL DE GESTIÓN');
INSERT INTO nominapp.cargo (codcargo, descripcion) VALUES ('091', 'OBRERO DE LA  DIRECCIÓN DE PLANTACIÓN CAPACITACIÓN Y ESPECIES VEGETALES');
INSERT INTO nominapp.cargo (codcargo, descripcion) VALUES ('092', 'COORDINADOR DE EDUCACION Y SENSIBILIZACION DEL PODER POPULAR');
INSERT INTO nominapp.cargo (codcargo, descripcion) VALUES ('093', 'COORDINADORA DE TESORERIA');
INSERT INTO nominapp.cargo (codcargo, descripcion) VALUES ('094', 'OBRERA VIVERO');
INSERT INTO nominapp.cargo (codcargo, descripcion) VALUES ('095', 'COORDINADOR DE FORMACION Y CAPACITACION ');
INSERT INTO nominapp.cargo (codcargo, descripcion) VALUES ('096', 'OBRERO  DE LADIRECCIÓN DE PLANTACIÓN CAPACITACIÓN Y ESPECIES VEGETALES');
INSERT INTO nominapp.cargo (codcargo, descripcion) VALUES ('097', 'COORDINADORA DE PRODUCCIÓN Y CONSERVACIÓN DE ESPECIE VEGETAL');
INSERT INTO nominapp.cargo (codcargo, descripcion) VALUES ('098', 'ANALISTA DE LA DIRECCIÓN DE ORGANIZACIÓN Y FORTALECIMIENTO DEL PODER POPULAR');
INSERT INTO nominapp.cargo (codcargo, descripcion) VALUES ('099', 'COORDINADOR DE ORGANIZACIÓN AL PODER POPULAR');
INSERT INTO nominapp.cargo (codcargo, descripcion) VALUES ('100', 'COORDINADOR DE FORMACION Y CAPACITACION');
INSERT INTO nominapp.cargo (codcargo, descripcion) VALUES ('101', 'COORDINADOR DE ORGANIZACIÓN DE ESTADO');
INSERT INTO nominapp.cargo (codcargo, descripcion) VALUES ('102', 'OBRERO DE DIRECCION DE LA GESTION ADMINISTRATIVA');
INSERT INTO nominapp.cargo (codcargo, descripcion) VALUES ('103', 'ANALISTA ');
INSERT INTO nominapp.cargo (codcargo, descripcion) VALUES ('104', 'AUDITOR INTERNO ENCARGADO');
INSERT INTO nominapp.cargo (codcargo, descripcion) VALUES ('105', 'DISEÑADOR GRAFICO');
INSERT INTO nominapp.cargo (codcargo, descripcion) VALUES ('106', 'COORDINADOR DE GESTIÓN ORGANICA');
INSERT INTO nominapp.cargo (codcargo, descripcion) VALUES ('107', 'COORDINADOR DE ORGANIZACIÓN DEL PODER POPULAR');
INSERT INTO nominapp.cargo (codcargo, descripcion) VALUES ('108', 'COORINADORA DE FORMACION DIRECTOR');
INSERT INTO nominapp.cargo (codcargo, descripcion) VALUES ('109', 'COORDINADOR DE FORMACIÓN Y CAPACITACIÓN');
INSERT INTO nominapp.cargo (codcargo, descripcion) VALUES ('110', 'COORDINADOR DE RELACIONES INSTITUCIONALES');
INSERT INTO nominapp.cargo (codcargo, descripcion) VALUES ('111', 'COORDINADOR DE TRANSPORTE ( E)');
INSERT INTO nominapp.cargo (codcargo, descripcion) VALUES ('112', 'COORDINADOR DE PLANTACION Y CONSERVACION DE ESPECIE VEGETALES');
INSERT INTO nominapp.cargo (codcargo, descripcion) VALUES ('113', 'COORDINADOR DE PLANTACIÓN');
INSERT INTO nominapp.cargo (codcargo, descripcion) VALUES ('114', 'COORDINADOR ORGANIZACIÓN');
INSERT INTO nominapp.cargo (codcargo, descripcion) VALUES ('115', 'DIRECTOR DE RELACIONES INSTITUCIONALES');
INSERT INTO nominapp.cargo (codcargo, descripcion) VALUES ('116', 'COORDINADORA DE RELACIONES INSTITUCIONALES');
INSERT INTO nominapp.cargo (codcargo, descripcion) VALUES ('117', 'DIRECTOR ESTADAL DE FALCON');
INSERT INTO nominapp.cargo (codcargo, descripcion) VALUES ('118', 'DIRECTOR ESTADAL DE BARINAS');
INSERT INTO nominapp.cargo (codcargo, descripcion) VALUES ('119', 'COORDINADOR DEL VIEVERO DE SANTA ROSA');
INSERT INTO nominapp.cargo (codcargo, descripcion) VALUES ('120', 'COORDINADOR DE INVESTIGACIÓN');
INSERT INTO nominapp.cargo (codcargo, descripcion) VALUES ('121', 'DIRECTOR DE PLANIFICACIÓN');
INSERT INTO nominapp.cargo (codcargo, descripcion) VALUES ('122', 'COORDINADOR DE ORGANIZACIÓN');
INSERT INTO nominapp.cargo (codcargo, descripcion) VALUES ('123', 'DIRECTOR ESTADAL GUARICO');
INSERT INTO nominapp.cargo (codcargo, descripcion) VALUES ('124', 'DIRECTOR ESTADAL DE BOLIVAR');

/*Denominación de cargo*/
INSERT INTO nominapp.denominacionCargo (codCargoDen, descripcion, tipoCargo) VALUES ('B-1', 'Bachiller I', 2);
INSERT INTO nominapp.denominacionCargo (codCargoDen, descripcion, tipoCargo) VALUES ('B-2', 'Bachiller II', 2);
INSERT INTO nominapp.denominacionCargo (codCargoDen, descripcion, tipoCargo) VALUES ('B-3', 'Bachiller III', 2);
INSERT INTO nominapp.denominacionCargo (codCargoDen, descripcion, tipoCargo) VALUES ('T-1', 'Tecnico I', 2);
INSERT INTO nominapp.denominacionCargo (codCargoDen, descripcion, tipoCargo) VALUES ('T-2', 'Tecnico II', 2);
INSERT INTO nominapp.denominacionCargo (codCargoDen, descripcion, tipoCargo) VALUES ('P-1', 'Profesional I', 2);
INSERT INTO nominapp.denominacionCargo (codCargoDen, descripcion, tipoCargo) VALUES ('P-2', 'Profesional II', 2);
INSERT INTO nominapp.denominacionCargo (codCargoDen, descripcion, tipoCargo) VALUES ('P-3', 'Profesional III', 2);
INSERT INTO nominapp.denominacionCargo (codCargoDen, descripcion, tipoCargo) VALUES ('O-1', 'Obrero 1', 1 );
INSERT INTO nominapp.denominacionCargo (codCargoDen, descripcion, tipoCargo) VALUES ('O-2', 'Obrero 2', 1 );
INSERT INTO nominapp.denominacionCargo (codCargoDen, descripcion, tipoCargo) VALUES ('O-3', 'Obrero 3', 1 );
INSERT INTO nominapp.denominacionCargo (codCargoDen, descripcion, tipoCargo) VALUES ('O-4', 'Obrero 4', 1 );
INSERT INTO nominapp.denominacionCargo (codCargoDen, descripcion, tipoCargo) VALUES ('O-5', 'Obrero 5', 1 );
INSERT INTO nominapp.denominacionCargo (codCargoDen, descripcion, tipoCargo) VALUES ('O-6', 'Obrero 6', 1 );
INSERT INTO nominapp.denominacionCargo (codCargoDen, descripcion, tipoCargo) VALUES ('O-7', 'Obrero 7', 1 );
INSERT INTO nominapp.denominacionCargo (codCargoDen, descripcion, tipoCargo) VALUES ('O-8', 'Obrero 8', 1 );
INSERT INTO nominapp.denominacionCargo (codCargoDen, descripcion, tipoCargo) VALUES ('O-9', 'Obrero 9', 1 );
INSERT INTO nominapp.denominacionCargo (codCargoDen, descripcion, tipoCargo) VALUES ('O-X', 'Obrero 10', 1);
INSERT INTO nominapp.denominacionCargo (codCargoDen, descripcion, tipoCargo) VALUES ('PRE', 'Presidente', 3);
INSERT INTO nominapp.denominacionCargo (codCargoDen, descripcion, tipoCargo) VALUES ('DIG', 'Director general', 3);
INSERT INTO nominapp.denominacionCargo (codCargoDen, descripcion, tipoCargo) VALUES ('DIR', 'Director', 3);
INSERT INTO nominapp.denominacionCargo (codCargoDen, descripcion, tipoCargo) VALUES ('ASE', 'Asistente ejecutivo', 3);
INSERT INTO nominapp.denominacionCargo (codCargoDen, descripcion, tipoCargo) VALUES ('COO', 'Coordinador', 3);

/*Departamento*/
INSERT INTO nominapp.departamento (codDepartamento, descripcion) VALUES ('001', 'COORDINACIÓN DE RESERVORIO Y PRODUCCION INTEGRAL DE PLANTAS');
INSERT INTO nominapp.departamento (codDepartamento, descripcion) VALUES ('002', 'DIRECCIÓN ESTADAL DE DISTRITO CAPITAL');
INSERT INTO nominapp.departamento (codDepartamento, descripcion) VALUES ('003', 'DIRECCIÓN ESTADAL DE SUCRE');
INSERT INTO nominapp.departamento (codDepartamento, descripcion) VALUES ('004', 'DIRECCION ESTADAL DE TACHIRA');
INSERT INTO nominapp.departamento (codDepartamento, descripcion) VALUES ('005', 'DIRECCIÓN ESTADAL DE TRUJILLO');
INSERT INTO nominapp.departamento (codDepartamento, descripcion) VALUES ('006', 'DIRECCIÓN ESTADAL DE APURE');
INSERT INTO nominapp.departamento (codDepartamento, descripcion) VALUES ('007', 'DIRECCION ESTADAL DE PORTUGUESA');
INSERT INTO nominapp.departamento (codDepartamento, descripcion) VALUES ('008', 'DIRECCIÓN ESTADAL DE ZULIA');
INSERT INTO nominapp.departamento (codDepartamento, descripcion) VALUES ('009', 'DIRECCIÓN ESTADAL DE ARAGUA');
INSERT INTO nominapp.departamento (codDepartamento, descripcion) VALUES ('010', 'DIRECCION ESTADAL DE YARACUY');
INSERT INTO nominapp.departamento (codDepartamento, descripcion) VALUES ('011', 'DIRECCIÓN ESTADAL DE MERIDA');
INSERT INTO nominapp.departamento (codDepartamento, descripcion) VALUES ('012', 'DIRECCION ESTADAL DE NUEVA ESPARTA');
INSERT INTO nominapp.departamento (codDepartamento, descripcion) VALUES ('013', 'DIRECCIÓN ESTADAL DE DELTA AMACURO');
INSERT INTO nominapp.departamento (codDepartamento, descripcion) VALUES ('014', 'DIRECCIÓN ESTADAL LA GUAIRA');
INSERT INTO nominapp.departamento (codDepartamento, descripcion) VALUES ('015', 'DIRECCIÓN ESTADAL DE AMAZONAS');
INSERT INTO nominapp.departamento (codDepartamento, descripcion) VALUES ('016', 'DIRECCIÓN ESTADAL DE COJEDES');
INSERT INTO nominapp.departamento (codDepartamento, descripcion) VALUES ('017', 'DIRECCIÓN ESTADAL DE ANZOATEGUI');
INSERT INTO nominapp.departamento (codDepartamento, descripcion) VALUES ('018', 'PRESIDENCIA');
INSERT INTO nominapp.departamento (codDepartamento, descripcion) VALUES ('019', 'DIRECCION DE PLANIFICACION Y PRESUPUESTO');
INSERT INTO nominapp.departamento (codDepartamento, descripcion) VALUES ('020', 'CONSULTORIA JURIDICA');
INSERT INTO nominapp.departamento (codDepartamento, descripcion) VALUES ('021', 'DIRECCIÓN DE INVESTIGACION E INNOVACION');
INSERT INTO nominapp.departamento (codDepartamento, descripcion) VALUES ('022', 'DIRECCIÓN DE FORMACION Y CAPACITACION');
INSERT INTO nominapp.departamento (codDepartamento, descripcion) VALUES ('023', 'DIRECCIÓN DE RESERVORIO Y PRODUCCION INTEGRAL DE PLANTAS (VIVERO SANTA ROSA)');
INSERT INTO nominapp.departamento (codDepartamento, descripcion) VALUES ('024', 'DIRECCIÓN DE GESTION ADMINISTRATIVA');
INSERT INTO nominapp.departamento (codDepartamento, descripcion) VALUES ('025', 'DIRECCIÓN DE ORGANIZACIÓN Y FORTALECIMIENTO DEL PODER POPULAR');
INSERT INTO nominapp.departamento (codDepartamento, descripcion) VALUES ('026', 'DIRECCIÓN DE PLANTACION Y CONSERVACION DE ESPECIE VEGETALES');
INSERT INTO nominapp.departamento (codDepartamento, descripcion) VALUES ('027', 'DIRECCIÓN DE GESTION INTERNA');
INSERT INTO nominapp.departamento (codDepartamento, descripcion) VALUES ('028', 'DIRECCIÓN DE RELACIONES INSTITUCIONALES');
INSERT INTO nominapp.departamento (codDepartamento, descripcion) VALUES ('029', 'DIRECCION DE TECNOLOGIAS DE LA INFORMACION Y LA COMUNICACIÓN');
INSERT INTO nominapp.departamento (codDepartamento, descripcion) VALUES ('030', 'DIRECCION DE GESTION COMUNICACIONAL');
INSERT INTO nominapp.departamento (codDepartamento, descripcion) VALUES ('031', 'COORDINACION DE VENEZUELA BELLA');
INSERT INTO nominapp.departamento (codDepartamento, descripcion) VALUES ('032', 'DIRECCION GENERAL');
INSERT INTO nominapp.departamento (codDepartamento, descripcion) VALUES ('033', 'DIRECCIÓN DE ATENCION CIUDADANO');
INSERT INTO nominapp.departamento (codDepartamento, descripcion) VALUES ('034', 'DIRECCIÓN DE GESTION HUMANA');
INSERT INTO nominapp.departamento (codDepartamento, descripcion) VALUES ('035', 'DIRECCIÓN ESTADAL DE GUARICO');
INSERT INTO nominapp.departamento (codDepartamento, descripcion) VALUES ('036', 'DIRECCIÓN ESTADAL DE BOLIVAR');
INSERT INTO nominapp.departamento (codDepartamento, descripcion) VALUES ('037', 'DIRECCIÓN ESTADAL DE CARABOBO');
INSERT INTO nominapp.departamento (codDepartamento, descripcion) VALUES ('038', 'DIRECCIÓN ESTADAL DE MONAGAS');
INSERT INTO nominapp.departamento (codDepartamento, descripcion) VALUES ('039', 'DIRECCIÓN ESTADAL DE BARINAS');
INSERT INTO nominapp.departamento (codDepartamento, descripcion) VALUES ('040', 'DIRECCIÓN ESTADAL DE FALCON');
INSERT INTO nominapp.departamento (codDepartamento, descripcion) VALUES ('041', 'DIRECCIÓN ESTADAL DE MIRANDA');
INSERT INTO nominapp.departamento (codDepartamento, descripcion) VALUES ('042', 'DIRECCIÓN DE RESERVORIO Y PRODUCCION INTEGRAL DE PLANTAS (ZULIA)');
INSERT INTO nominapp.departamento (codDepartamento, descripcion) VALUES ('043', 'COORDINADOR DE RESERVORIO Y PRODUCCIÓN INTEGRAL DE PLANTAS');
INSERT INTO nominapp.departamento (codDepartamento, descripcion) VALUES ('044', 'DIRECCIÓN DE PLANTACIÓN CAPACITACIÓN Y ESPECIES VEGETALES');
INSERT INTO nominapp.departamento (codDepartamento, descripcion) VALUES ('045', 'COORDINACION DE FORMACION Y CAPACITACION   DEL ESTADO ZULIA');
INSERT INTO nominapp.departamento (codDepartamento, descripcion) VALUES ('046', 'COORDINACION DE FORMACION Y CAPACITACION DEL ESTADO COJEDES');
INSERT INTO nominapp.departamento (codDepartamento, descripcion) VALUES ('047', 'COORDINACION DE FORMACION Y CAPACITACION DE MIRANDA');
INSERT INTO nominapp.departamento (codDepartamento, descripcion) VALUES ('048', 'COORDINACION DE RESERVORIO Y PRODUCION INTEGRAL DE PLANTAS DE MIRANDA');
INSERT INTO nominapp.departamento (codDepartamento, descripcion) VALUES ('049', 'AUDITORIA INTERNA');
INSERT INTO nominapp.departamento (codDepartamento, descripcion) VALUES ('050', 'DIRECCIÓN DE RESERVORIO Y PRODUCCIÓN INTEGRAL DE PLANTAS (MIRANDA)');

/*Estado civil*/
INSERT INTO nominapp.estadocivil (codEdoCivil, descripcion) VALUES ('SOL', 'Soltero (a)');
INSERT INTO nominapp.estadocivil (codEdoCivil, descripcion) VALUES ('CAS', 'Casado (a)');
INSERT INTO nominapp.estadocivil (codEdoCivil, descripcion) VALUES ('DIV', 'Divorciado (a)');
INSERT INTO nominapp.estadocivil (codEdoCivil, descripcion) VALUES ('VIU', 'Viudo (a)');
INSERT INTO nominapp.estadocivil (codEdoCivil, descripcion) VALUES ('UNI', 'Unión libre');

/*Estados*/
INSERT INTO nominapp.estados ( codEstado, descripcion ) VALUES ( 'CCS', 'Distrito Capital' );
INSERT INTO nominapp.estados ( codEstado, descripcion ) VALUES ( 'AMA', 'Amazonas' );
INSERT INTO nominapp.estados ( codEstado, descripcion ) VALUES ( 'ANZ', 'Anzoátegui' );
INSERT INTO nominapp.estados ( codEstado, descripcion ) VALUES ( 'APU', 'Apure' );
INSERT INTO nominapp.estados ( codEstado, descripcion ) VALUES ( 'ARA', 'Aragua' );
INSERT INTO nominapp.estados ( codEstado, descripcion ) VALUES ( 'BAR', 'Barinas' );
INSERT INTO nominapp.estados ( codEstado, descripcion ) VALUES ( 'BOL', 'Bolivar' );
INSERT INTO nominapp.estados ( codEstado, descripcion ) VALUES ( 'CAR', 'Carabobo' );
INSERT INTO nominapp.estados ( codEstado, descripcion ) VALUES ( 'COJ', 'Cojedes' );
INSERT INTO nominapp.estados ( codEstado, descripcion ) VALUES ( 'DEL', 'Delta Amacuro' );
INSERT INTO nominapp.estados ( codEstado, descripcion ) VALUES ( 'FAL', 'Falcón' );
INSERT INTO nominapp.estados ( codEstado, descripcion ) VALUES ( 'GUA', 'Guárico' );
INSERT INTO nominapp.estados ( codEstado, descripcion ) VALUES ( 'VAR', 'La Guaira' );
INSERT INTO nominapp.estados ( codEstado, descripcion ) VALUES ( 'LAR', 'Lara' );
INSERT INTO nominapp.estados ( codEstado, descripcion ) VALUES ( 'MER', 'Mérida' );
INSERT INTO nominapp.estados ( codEstado, descripcion ) VALUES ( 'MIR', 'Miranda' );
INSERT INTO nominapp.estados ( codEstado, descripcion ) VALUES ( 'MON', 'Monagas' );
INSERT INTO nominapp.estados ( codEstado, descripcion ) VALUES ( 'MAR', 'Nueva Esparta' );
INSERT INTO nominapp.estados ( codEstado, descripcion ) VALUES ( 'POR', 'Portuguesa' );
INSERT INTO nominapp.estados ( codEstado, descripcion ) VALUES ( 'SUC', 'Sucre' );
INSERT INTO nominapp.estados ( codEstado, descripcion ) VALUES ( 'TAC', 'Táchira' );
INSERT INTO nominapp.estados ( codEstado, descripcion ) VALUES ( 'TRU', 'Trujillo' );
INSERT INTO nominapp.estados ( codEstado, descripcion ) VALUES ( 'YAR', 'Yaracuy' );
INSERT INTO nominapp.estados ( codEstado, descripcion ) VALUES ( 'ZUL', 'Zulia' );
INSERT INTO nominapp.estados ( codEstado, descripcion ) VALUES ( 'DEF', 'Dependencia Federales' );

/*Tipo nominas*/
INSERT INTO nominapp.tiponomina ( codTipoNomina, descripcion ) VALUES ( 'AN', 'Alto Nivel' );
INSERT INTO nominapp.tiponomina ( codTipoNomina, descripcion ) VALUES ( 'CS', 'Comisión de Servicio' );
INSERT INTO nominapp.tiponomina ( codTipoNomina, descripcion ) VALUES ( 'FI', 'Fijos' );
INSERT INTO nominapp.tiponomina ( codTipoNomina, descripcion ) VALUES ( 'JB', 'Jubilados' );
INSERT INTO nominapp.tiponomina ( codTipoNomina, descripcion ) VALUES ( 'OB', 'Obrero' );
INSERT INTO nominapp.tiponomina ( codTipoNomina, descripcion ) VALUES ( 'CT', 'Contratado' );
INSERT INTO nominapp.tiponomina ( codTipoNomina, descripcion ) VALUES ( 'HP', 'Honorario Profesional' );

/*Tabulador*/
INSERT INTO nominapp.tabulador ( codCargoDen, mtomin, mtomax, rango1, rango2) VALUES ( 'ASE', 24.92, 6.41, null, null );
INSERT INTO nominapp.tabulador ( codCargoDen, mtomin, mtomax, rango1, rango2) VALUES ( 'COO', 23.80, 6.12, null, null );
INSERT INTO nominapp.tabulador ( codCargoDen, mtomin, mtomax, rango1, rango2) VALUES ( 'DIG', 27.08, 6.96, null, null );
INSERT INTO nominapp.tabulador ( codCargoDen, mtomin, mtomax, rango1, rango2) VALUES ( 'DIR', 25.90, 6.66, null, null );
INSERT INTO nominapp.tabulador ( codCargoDen, mtomin, mtomax, rango1, rango2) VALUES ( 'PRE', 28.48, 7.32, null, null );
INSERT INTO nominapp.tabulador ( codCargoDen, mtomin, mtomax, rango1, rango2) VALUES ( 'B-1', 7.00, null, 0, 4 );
INSERT INTO nominapp.tabulador ( codCargoDen, mtomin, mtomax, rango1, rango2) VALUES ( 'B-1', 7.14, null, 5, 9 );
INSERT INTO nominapp.tabulador ( codCargoDen, mtomin, mtomax, rango1, rango2) VALUES ( 'B-1', 7.28, null, 10, 14 );
INSERT INTO nominapp.tabulador ( codCargoDen, mtomin, mtomax, rango1, rango2) VALUES ( 'B-1', 7.42, null, 15, 19 );
INSERT INTO nominapp.tabulador ( codCargoDen, mtomin, mtomax, rango1, rango2) VALUES ( 'B-1', 7.56, null, 20, 24 );
INSERT INTO nominapp.tabulador ( codCargoDen, mtomin, mtomax, rango1, rango2) VALUES ( 'B-1', 7.70, null, 25, 29 );
INSERT INTO nominapp.tabulador ( codCargoDen, mtomin, mtomax, rango1, rango2) VALUES ( 'B-1', 7.84, null, 30, 99 );
INSERT INTO nominapp.tabulador ( codCargoDen, mtomin, mtomax, rango1, rango2) VALUES ( 'B-2', 8.40, null, 0, 4 );
INSERT INTO nominapp.tabulador ( codCargoDen, mtomin, mtomax, rango1, rango2) VALUES ( 'B-2', 8.54, null, 5, 9 );
INSERT INTO nominapp.tabulador ( codCargoDen, mtomin, mtomax, rango1, rango2) VALUES ( 'B-2', 8.68, null, 10, 14 );
INSERT INTO nominapp.tabulador ( codCargoDen, mtomin, mtomax, rango1, rango2) VALUES ( 'B-2', 8.82, null, 15, 19 );
INSERT INTO nominapp.tabulador ( codCargoDen, mtomin, mtomax, rango1, rango2) VALUES ( 'B-2', 8.96, null, 20, 24 );
INSERT INTO nominapp.tabulador ( codCargoDen, mtomin, mtomax, rango1, rango2) VALUES ( 'B-2', 9.10, null, 25, 29 );
INSERT INTO nominapp.tabulador ( codCargoDen, mtomin, mtomax, rango1, rango2) VALUES ( 'B-2', 9.24, null, 30, 99 );
INSERT INTO nominapp.tabulador ( codCargoDen, mtomin, mtomax, rango1, rango2) VALUES ( 'B-3', 9.80, null, 0, 4 );
INSERT INTO nominapp.tabulador ( codCargoDen, mtomin, mtomax, rango1, rango2) VALUES ( 'B-3', 9.94, null, 5, 9 );
INSERT INTO nominapp.tabulador ( codCargoDen, mtomin, mtomax, rango1, rango2) VALUES ( 'B-3', 10.08, null, 10, 14 );
INSERT INTO nominapp.tabulador ( codCargoDen, mtomin, mtomax, rango1, rango2) VALUES ( 'B-3', 10.22, null, 15, 19 );
INSERT INTO nominapp.tabulador ( codCargoDen, mtomin, mtomax, rango1, rango2) VALUES ( 'B-3', 10.36, null, 20, 24 );
INSERT INTO nominapp.tabulador ( codCargoDen, mtomin, mtomax, rango1, rango2) VALUES ( 'B-3', 10.50, null, 25, 29 );
INSERT INTO nominapp.tabulador ( codCargoDen, mtomin, mtomax, rango1, rango2) VALUES ( 'B-3', 10.64, null, 30, 99 );
INSERT INTO nominapp.tabulador ( codCargoDen, mtomin, mtomax, rango1, rango2) VALUES ( 'T-1', 11.76, null, 0, 4  );
INSERT INTO nominapp.tabulador ( codCargoDen, mtomin, mtomax, rango1, rango2) VALUES ( 'T-1', 11.90, null, 5, 9 );
INSERT INTO nominapp.tabulador ( codCargoDen, mtomin, mtomax, rango1, rango2) VALUES ( 'T-1', 12.04, null, 10, 14 );
INSERT INTO nominapp.tabulador ( codCargoDen, mtomin, mtomax, rango1, rango2) VALUES ( 'T-1', 12.18, null, 15, 19 );
INSERT INTO nominapp.tabulador ( codCargoDen, mtomin, mtomax, rango1, rango2) VALUES ( 'T-1', 12.32, null, 20, 24 );
INSERT INTO nominapp.tabulador ( codCargoDen, mtomin, mtomax, rango1, rango2) VALUES ( 'T-1', 12.46, null, 25, 29 );
INSERT INTO nominapp.tabulador ( codCargoDen, mtomin, mtomax, rango1, rango2) VALUES ( 'T-1', 12.60, null, 30, 99 );
INSERT INTO nominapp.tabulador ( codCargoDen, mtomin, mtomax, rango1, rango2) VALUES ( 'T-2', 13.72, null, 0, 4 );
INSERT INTO nominapp.tabulador ( codCargoDen, mtomin, mtomax, rango1, rango2) VALUES ( 'T-2', 13.86, null, 5, 9);
INSERT INTO nominapp.tabulador ( codCargoDen, mtomin, mtomax, rango1, rango2) VALUES ( 'T-2', 14.00, null, 10, 14);
INSERT INTO nominapp.tabulador ( codCargoDen, mtomin, mtomax, rango1, rango2) VALUES ( 'T-2', 14.14, null, 15, 19 );
INSERT INTO nominapp.tabulador ( codCargoDen, mtomin, mtomax, rango1, rango2) VALUES ( 'T-2', 14.28, null, 20, 24 );
INSERT INTO nominapp.tabulador ( codCargoDen, mtomin, mtomax, rango1, rango2) VALUES ( 'T-2', 14.42, null, 25, 29 );
INSERT INTO nominapp.tabulador ( codCargoDen, mtomin, mtomax, rango1, rango2) VALUES ( 'T-2', 14.56, null, 30, 99 );
INSERT INTO nominapp.tabulador ( codCargoDen, mtomin, mtomax, rango1, rango2) VALUES ( 'P-1', 15.96, null, 0, 4  );
INSERT INTO nominapp.tabulador ( codCargoDen, mtomin, mtomax, rango1, rango2) VALUES ( 'P-1', 16.10, null, 5, 9 );
INSERT INTO nominapp.tabulador ( codCargoDen, mtomin, mtomax, rango1, rango2) VALUES ( 'P-1', 16.24, null, 10, 14 );
INSERT INTO nominapp.tabulador ( codCargoDen, mtomin, mtomax, rango1, rango2) VALUES ( 'P-1', 16.38, null, 15, 19 );
INSERT INTO nominapp.tabulador ( codCargoDen, mtomin, mtomax, rango1, rango2) VALUES ( 'P-1', 16.52, null, 20, 24 );
INSERT INTO nominapp.tabulador ( codCargoDen, mtomin, mtomax, rango1, rango2) VALUES ( 'P-1', 16.66, null, 25, 29 );
INSERT INTO nominapp.tabulador ( codCargoDen, mtomin, mtomax, rango1, rango2) VALUES ( 'P-1', 16.80, null, 30, 99 );
INSERT INTO nominapp.tabulador ( codCargoDen, mtomin, mtomax, rango1, rango2) VALUES ( 'P-2', 18.20, null, 0, 4  );
INSERT INTO nominapp.tabulador ( codCargoDen, mtomin, mtomax, rango1, rango2) VALUES ( 'P-2', 18.34, null, 5, 9 );
INSERT INTO nominapp.tabulador ( codCargoDen, mtomin, mtomax, rango1, rango2) VALUES ( 'P-2', 18.48, null, 10, 14 );
INSERT INTO nominapp.tabulador ( codCargoDen, mtomin, mtomax, rango1, rango2) VALUES ( 'P-2', 18.62, null, 15, 19 );
INSERT INTO nominapp.tabulador ( codCargoDen, mtomin, mtomax, rango1, rango2) VALUES ( 'P-2', 18.76, null, 20, 24 );
INSERT INTO nominapp.tabulador ( codCargoDen, mtomin, mtomax, rango1, rango2) VALUES ( 'P-2', 18.90, null, 25, 29 );
INSERT INTO nominapp.tabulador ( codCargoDen, mtomin, mtomax, rango1, rango2) VALUES ( 'P-2', 19.04, null, 30, 99 );
INSERT INTO nominapp.tabulador ( codCargoDen, mtomin, mtomax, rango1, rango2) VALUES ( 'P-3', 20.44, null, 0, 4  );
INSERT INTO nominapp.tabulador ( codCargoDen, mtomin, mtomax, rango1, rango2) VALUES ( 'P-3', 20.58, null, 5, 9 );
INSERT INTO nominapp.tabulador ( codCargoDen, mtomin, mtomax, rango1, rango2) VALUES ( 'P-3', 20.72, null, 10, 14 );
INSERT INTO nominapp.tabulador ( codCargoDen, mtomin, mtomax, rango1, rango2) VALUES ( 'P-3', 20.86, null, 15, 19 );
INSERT INTO nominapp.tabulador ( codCargoDen, mtomin, mtomax, rango1, rango2) VALUES ( 'P-3', 21.00, null, 20, 24 );
INSERT INTO nominapp.tabulador ( codCargoDen, mtomin, mtomax, rango1, rango2) VALUES ( 'P-3', 21.14, null, 25, 29 );
INSERT INTO nominapp.tabulador ( codCargoDen, mtomin, mtomax, rango1, rango2) VALUES ( 'P-3', 21.28, null, 30, 99 );
INSERT INTO nominapp.tabulador ( codCargoDen, mtomin, mtomax, rango1, rango2) VALUES ( 'O-1', 7.00, 7.18, null, null );
INSERT INTO nominapp.tabulador ( codCargoDen, mtomin, mtomax, rango1, rango2) VALUES ( 'O-2', 7.73, 7.92, null, null );
INSERT INTO nominapp.tabulador ( codCargoDen, mtomin, mtomax, rango1, rango2) VALUES ( 'O-3', 8.48, 8.67, null, null );
INSERT INTO nominapp.tabulador ( codCargoDen, mtomin, mtomax, rango1, rango2) VALUES ( 'O-4', 9.23, 9.41, null, null );
INSERT INTO nominapp.tabulador ( codCargoDen, mtomin, mtomax, rango1, rango2) VALUES ( 'O-5', 9.97, 10.15, null, null );
INSERT INTO nominapp.tabulador ( codCargoDen, mtomin, mtomax, rango1, rango2) VALUES ( 'O-6', 10.71, 10.89, null, null );
INSERT INTO nominapp.tabulador ( codCargoDen, mtomin, mtomax, rango1, rango2) VALUES ( 'O-7', 11.45, 11.63, null, null );
INSERT INTO nominapp.tabulador ( codCargoDen, mtomin, mtomax, rango1, rango2) VALUES ( 'O-8', 12.19, 12.38, null, null );
INSERT INTO nominapp.tabulador ( codCargoDen, mtomin, mtomax, rango1, rango2) VALUES ( 'O-9', 12.94, 13.12, null, null );
INSERT INTO nominapp.tabulador ( codCargoDen, mtomin, mtomax, rango1, rango2) VALUES ( 'O-X', 13.68, 13.86, null, null );

/*Prima por antiguedad*/
INSERT INTO nominapp.primaantiguedad ( anioAntiguedad, prima ) VALUES( 0, 0.00);
INSERT INTO nominapp.primaantiguedad ( anioAntiguedad, prima ) VALUES( 1, 2.00);
INSERT INTO nominapp.primaantiguedad ( anioAntiguedad, prima ) VALUES( 2, 4.00);
INSERT INTO nominapp.primaantiguedad ( anioAntiguedad, prima ) VALUES( 3, 6.00);
INSERT INTO nominapp.primaantiguedad ( anioAntiguedad, prima ) VALUES( 4, 8.00);
INSERT INTO nominapp.primaantiguedad ( anioAntiguedad, prima ) VALUES( 5, 10.00);
INSERT INTO nominapp.primaantiguedad ( anioAntiguedad, prima ) VALUES( 6, 12.00);
INSERT INTO nominapp.primaantiguedad ( anioAntiguedad, prima ) VALUES( 7, 15.00);
INSERT INTO nominapp.primaantiguedad ( anioAntiguedad, prima ) VALUES( 8, 17.00);
INSERT INTO nominapp.primaantiguedad ( anioAntiguedad, prima ) VALUES( 9, 20.00);
INSERT INTO nominapp.primaantiguedad ( anioAntiguedad, prima ) VALUES( 10, 22.00);
INSERT INTO nominapp.primaantiguedad ( anioAntiguedad, prima ) VALUES( 11, 25.00);
INSERT INTO nominapp.primaantiguedad ( anioAntiguedad, prima ) VALUES( 12, 28.00);
INSERT INTO nominapp.primaantiguedad ( anioAntiguedad, prima ) VALUES( 13, 30.00);
INSERT INTO nominapp.primaantiguedad ( anioAntiguedad, prima ) VALUES( 14, 33.00);
INSERT INTO nominapp.primaantiguedad ( anioAntiguedad, prima ) VALUES( 15, 36.00);
INSERT INTO nominapp.primaantiguedad ( anioAntiguedad, prima ) VALUES( 16, 39.00);
INSERT INTO nominapp.primaantiguedad ( anioAntiguedad, prima ) VALUES( 17, 42.00);
INSERT INTO nominapp.primaantiguedad ( anioAntiguedad, prima ) VALUES( 18, 46.00);
INSERT INTO nominapp.primaantiguedad ( anioAntiguedad, prima ) VALUES( 19, 49.00);
INSERT INTO nominapp.primaantiguedad ( anioAntiguedad, prima ) VALUES( 20, 52.00);
INSERT INTO nominapp.primaantiguedad ( anioAntiguedad, prima ) VALUES( 21, 56.00);
INSERT INTO nominapp.primaantiguedad ( anioAntiguedad, prima ) VALUES( 22, 59.00);
INSERT INTO nominapp.primaantiguedad ( anioAntiguedad, prima ) VALUES( 23, 60.00);

/*Prima profesional*/
INSERT INTO nominapp.primaprofesional ( prima, codNivelAcademico ) VALUES( 0,'EDB' );
INSERT INTO nominapp.primaprofesional ( prima, codNivelAcademico ) VALUES( 0,'BCH' );
INSERT INTO nominapp.primaprofesional ( prima, codNivelAcademico ) VALUES( 20,'TCS' );
INSERT INTO nominapp.primaprofesional ( prima, codNivelAcademico ) VALUES( 30,'PRE' );
INSERT INTO nominapp.primaprofesional ( prima, codNivelAcademico ) VALUES( 40,'ESP' );
INSERT INTO nominapp.primaprofesional ( prima, codNivelAcademico ) VALUES( 50,'POS' );
INSERT INTO nominapp.primaprofesional ( prima, codNivelAcademico ) VALUES( 60,'DOC' );

/*Complementos salariales.*/
INSERT INTO nominapp.complemento ( codTipoComplemento, descripcion, monto ) VALUES( '001', 'Sueldo mínimo', 7.00);
INSERT INTO nominapp.complemento ( codTipoComplemento, descripcion, monto ) VALUES( '002', 'Cesta tickets', 3.00);
INSERT INTO nominapp.complemento ( codTipoComplemento, descripcion, monto ) VALUES( '003', 'Prima por hijo', 1.75);
INSERT INTO nominapp.complemento ( codTipoComplemento, descripcion, monto ) VALUES( '004', 'Prima por discapacidad', 1.75);
INSERT INTO nominapp.complemento ( codTipoComplemento, descripcion, monto ) VALUES( '005', 'Prima por beca escolar', 1.75);
INSERT INTO nominapp.complemento ( codTipoComplemento, descripcion, monto ) VALUES( '006', 'Complemento especial de protección', 80.00);
INSERT INTO nominapp.complemento ( codTipoComplemento, descripcion, monto ) VALUES( '007', 'Complemento de sueldo contratado, empleado y obrero', 0.00);
INSERT INTO nominapp.complemento ( codTipoComplemento, descripcion, monto ) VALUES( '008', 'Complemento de sueldo alto nivel y comisión', 0.00);
INSERT INTO nominapp.complemento ( codTipoComplemento, descripcion, monto ) VALUES( '009', 'Días laborales', 15.00);
INSERT INTO nominapp.complemento ( codTipoComplemento, descripcion, monto ) VALUES( '010', 'Complemento adicional', 0.00);

/*Usuario ADMIN*/
INSERT INTO nominapp.persona (`idPersona`, `cedula`, `status`, `nombres`, `apellidos`,
                       `sexo`, `codDepartamento`, `codCargo`, `codCargoDen`   ,
                       `fecNac`, `direccion`, `ultimoTrabajoPublico`, `telefLocal`,
                       `telefMovil`, `codEstado`, `lugarNacimiento`, `codEdoCivil`,
                       `tipoSangre`, `email`, `nombrePersonaEmergencia`, `telefPersonaEmergencia`,
                       `codNivelAcademico`, `tituloAcademico`, `fecIngreso`, `aniosAPN`,
                       `lugarSufraga`, `codInstBanca`, `tipoCuenta`, `numCuenta`, `numHijos`,
                       `indBecaEscolar`, `indDiscapacidad`, `codTipoNomina`) 
               VALUES (NULL, '00001', 'ACT', 'Admin', 'Admin',
                       'M', '033', '062', 'P-3',
                       '2022-03-23', 'Por ahi :D', NULL, NULL,
                       '', 'CCS', '', 'DIV', 
                       'B-', 'correoEjemplo@correo.com', '', '',
                       'PRE', '', '2022-03-28', '0',
                       '', 'BDV', 'CC', '0', '0',
                       'N', 'N', 'OB');
INSERT INTO nominapp.usuario (`idUsuario`, `cedula`, `password`, `codRol`, `created`) VALUES (0, '00001', '$2y$10$PhgrhK57h3CpFpKIhYHxVuOh8sVdAptfeK9JZGdv7Htnz3oko.nke', 4, '2022-03-31');